{"count":1,"self":169.64953599999998,"total":412.2559902,"children":{"InitializeActuators":{"count":9,"self":0.0010069999999999999,"total":0.0010069999999999999,"children":null},"InitializeSensors":{"count":9,"self":0.0020144,"total":0.0020144,"children":null},"AgentSendState":{"count":45911,"self":0.3729801,"total":1.2013798,"children":{"CollectObservations":{"count":41328,"self":0.1820311,"total":0.1820311,"children":null},"WriteActionMask":{"count":41328,"self":0.032660299999999996,"total":0.032660299999999996,"children":null},"RequestDecision":{"count":41328,"self":0.10772939999999999,"total":0.6137083,"children":{"AgentInfo.ToProto":{"count":41328,"self":0.11957939999999999,"total":0.5059789,"children":{"GenerateSensorData":{"count":41328,"self":0.3863995,"total":0.3863995,"children":null}}}}}}},"DecideAction":{"count":45911,"self":237.4010112,"total":237.40100959999998,"children":null},"AgentAct":{"count":45911,"self":3.83588,"total":4.0000472999999994,"children":{"AgentInfo.ToProto":{"count":6537,"self":0.056951999999999996,"total":0.1641673,"children":{"GenerateSensorData":{"count":6537,"self":0.1072153,"total":0.1072153,"children":null}}}}}},"gauges":{"CarlosAgent.CumulativeReward":{"count":6537,"max":-2.16703176,"min":-44.9034729,"runningAverage":-8.667943,"value":-19.48532,"weightedAverage":-21.7280178}},"metadata":{"timer_format_version":"0.1.0","start_time_seconds":"1738250422","unity_version":"2022.3.45f1","command_line_arguments":"C:\\Program Files\\Unity\\Hub\\Editor\\2022.3.45f1\\Editor\\Unity.exe -projectpath C:\\Cositas\\Universi\\Master\\MOV\\Pang -useHub -hubIPC -cloudEnvironment production","communication_protocol_version":"1.5.0","com.unity.ml-agents_version":"3.0.0","scene_name":"CarlosAgent","end_time_seconds":"1738250835"}}